{"name":"6c7ac2fc-fd50-4f8d-b589-b562757ab392","id":"/providers/Microsoft.Flow/flows/6c7ac2fc-fd50-4f8d-b589-b562757ab392","type":"Microsoft.Flow/flows","properties":{"apiId":"/providers/Microsoft.PowerApps/apis/shared_logicflows","displayName":"Share Meeting Link (Delete Me)","definition":{"metadata":{"workflowEntityId":null,"creator":{"id":"b9a0af34-65ad-4d38-930d-7f6c74b2e215","type":"User","tenantId":"a70af031-5a6e-4ee9-8b99-f6cb2d7cd30d"},"provisioningMethod":"FromDefinition","failureAlertSubscription":true,"clientLastModifiedTime":"2020-04-22T05:21:20.1685568Z"},"$schema":"https://schema.management.azure.com/providers/Microsoft.Logic/schemas/2016-06-01/workflowdefinition.json#","contentVersion":"1.0.0.0","parameters":{"$connections":{"defaultValue":{},"type":"Object"},"$authentication":{"defaultValue":{},"type":"SecureObject"}},"triggers":{"manual":{"type":"Request","kind":"PowerApp","inputs":{"schema":{"type":"object","properties":{"Getitem_Id":{"type":"integer","format":"int64","description":"Unique identifier of item to be retrieved","x-ms-powerflows-param-ispartial":false},"Sendanemailnotification(V3)_To":{"type":"string","description":"A list of valid email addresses separated by a semicolon or a comma.. This parameter is used as part of \"0C64CB57-6418-42B4-A38F-96407AED0AE2\"","x-ms-powerflows-param-ispartial":true}},"required":["Getitem_Id","Sendanemailnotification(V3)_To"]}}}},"actions":{"Get_item":{"runAfter":{},"metadata":{"flowSystemMetadata":{"swaggerOperationId":"GetItem"}},"type":"ApiConnection","inputs":{"host":{"connection":{"name":"@json(decodeBase64(triggerOutputs().headers['X-MS-APIM-Tokens']))['$connections']['shared_sharepointonline']['connectionId']"},"api":{"runtimeUrl":"https://unitedstates-002.azure-apim.net/apim/sharepointonline"}},"method":"get","path":"/datasets/@{encodeURIComponent(encodeURIComponent('https://m365x107527.sharepoint.com/sites/VirtualRounding'))}/tables/@{encodeURIComponent(encodeURIComponent('Virtual Rounding'))}/items/@{encodeURIComponent(triggerBody()['Getitem_Id'])}","authentication":{"type":"Raw","value":"@json(decodeBase64(triggerOutputs().headers['X-MS-APIM-Tokens']))['$ConnectionKey']"}}},"Send_an_email_notification_(V3)":{"runAfter":{"Get_item":["Succeeded"]},"metadata":{"flowSystemMetadata":{"swaggerOperationId":"SendEmailV3"}},"type":"ApiConnection","inputs":{"host":{"connection":{"name":"@json(decodeBase64(triggerOutputs().headers['X-MS-APIM-Tokens']))['$connections']['shared_sendmail']['connectionId']"},"api":{"runtimeUrl":"https://unitedstates-002.azure-apim.net/apim/sendmail"}},"method":"post","body":{"to":"@{triggerBody()['Sendanemailnotification(V3)_To']};","subject":"You have been invited to virtually visit a patient","text":"<p>Hello,<br>\n<br>\nYou have been invited to virtually visit a patient in our hospital.<br>\n<br>\nTo visit, please click the below link and follow the prompts in your web browser. If you are using a mobile device, you will be prompted to download the free Microsoft Teams app first.<br>\n<br>\n<a href=\"@{body('Get_item')?['MeetingLink']}&webjoin=true\">Visit Patient</a></p>","ishtml":true},"path":"/v3/mail/send","authentication":{"type":"Raw","value":"@json(decodeBase64(triggerOutputs().headers['X-MS-APIM-Tokens']))['$ConnectionKey']"}}},"Update_item":{"runAfter":{"Send_an_email_notification_(V3)":["Succeeded"]},"metadata":{"flowSystemMetadata":{"swaggerOperationId":"PatchItem"}},"type":"ApiConnection","inputs":{"host":{"connection":{"name":"@json(decodeBase64(triggerOutputs().headers['X-MS-APIM-Tokens']))['$connections']['shared_sharepointonline']['connectionId']"},"api":{"runtimeUrl":"https://unitedstates-002.azure-apim.net/apim/sharepointonline"}},"method":"patch","body":{"Title":"@body('Get_item')['Title']","RoomLocation":"@body('Get_item')?['RoomLocation']","RoomSubLocation":"@body('Get_item')?['RoomSubLocation']","MeetingLink":"@body('Get_item')?['MeetingLink']","EventID":"@body('Get_item')?['EventID']","LastReset":"@body('Get_item')?['LastReset']","SharedWith":"@add(body('Get_item')?['SharedWith'], 1)","LastShare":"@{utcNow()}","RoomUPN":"@body('Get_item')?['RoomUPN']","Patient_x0020_Name":"@body('Get_item')?['Patient_x0020_Name']","{ContentType}":{"Id":"0x01005C11E32530AD6F4EB30B6C30AC68C48A006A64636C4119E84F8A5ABE091F1DFF17"}},"path":"/datasets/@{encodeURIComponent(encodeURIComponent('https://m365x107527.sharepoint.com/sites/VirtualRounding'))}/tables/@{encodeURIComponent(encodeURIComponent('3a7299fd-0744-4760-bdac-7082377d64a7'))}/items/@{encodeURIComponent(body('Get_item')?['ID'])}","authentication":{"type":"Raw","value":"@json(decodeBase64(triggerOutputs().headers['X-MS-APIM-Tokens']))['$ConnectionKey']"}}}}},"connectionReferences":{"shared_sharepointonline":{"connectionName":"shared-sharepointonl-13cd3fe3-207e-4fcf-8744-4ec4a67bd974","source":"Invoker","id":"/providers/Microsoft.PowerApps/apis/shared_sharepointonline","tier":"NotSpecified"},"shared_sendmail":{"connectionName":"584d51cf32594c1c9bc54ce195c389d8","source":"Invoker","id":"/providers/Microsoft.PowerApps/apis/shared_sendmail","tier":"NotSpecified"}},"flowFailureAlertSubscribed":false}}