{"schemaVersion":"1.0","appDefinitionTemplate":{"id":"/providers/Microsoft.PowerApps/apps/","type":"Microsoft.PowerApps/apps","tags":{"primaryDeviceWidth":"1366","primaryDeviceHeight":"768","sienaVersion":"20200422T051314Z-3.20023.8.0","deviceCapabilities":"","supportsPortrait":"false","supportsLandscape":"true","primaryFormFactor":"Tablet","publisherVersion":"3.20023.8","minimumRequiredApiVersion":"2.2.0","hasComponent":"true","hasUnlockedComponent":"true"},"properties":{"appVersion":"2020-04-22T05:13:14Z","lifeCycleId":"Published","createdByClientVersion":{"major":3,"minor":20023,"build":8,"revision":0,"majorRevision":0,"minorRevision":0},"minClientVersion":{"major":3,"minor":20023,"build":8,"revision":0,"majorRevision":0,"minorRevision":0},"backgroundColor":"rgba(104, 101, 171, 1)","backgroundImageUri":"/183700027819188858/N85da6f73-09ca-4986-8339-2ff0beed0a9d-logoSmallFile","displayName":"Virtual Rounding","description":"","commitMessage":"","appUris":{"documentUri":{"value":"/183700027819188858/Nfb945172-67df-4f55-9bca-d800344c70e0-document.msapp","readonlyValue":"/183700027819188858/Nfb945172-67df-4f55-9bca-d800344c70e0-document.msapp"},"imageUris":[]},"createdTime":"0001-01-01T00:00:00Z","lastModifiedTime":"0001-01-01T00:00:00Z","sharedGroupsCount":0,"sharedUsersCount":0,"icons":{"smallIconUri":"/183700027819188858/N2596641e-ebe1-499f-8230-4f622144dfd2-small.png","mediumIconUri":"/183700027819188858/N7538beb3-5f49-4793-86ee-841e6fc8e1d0-medium.png","largeIconUri":"/183700027819188858/N71988bca-5191-4e0f-a410-d34838a23557-large.png","wideIconUri":"/183700027819188858/N0169ca2f-31b4-4490-acee-e5f90d76fc96-wide.png"},"connectionReferences":{"7ff7773e-da1e-47d6-baf0-29761b454f9f":{"id":"cab3ca05-23a3-4ebf-a404-9548a5dea852","displayName":"SharePoint","iconUri":"https://connectoricons-prod.azureedge.net/sharepointonline/icon_1.0.1329.1953.png","dataSources":["Virtual Rounding"],"dependencies":[],"dependents":["681a3400-3912-45f1-9532-9e2a20eae220","99dd5ee5-1c2b-4418-a311-edd99c5fa99f"],"parameterHints":{},"isOnPremiseConnection":false,"bypassConsent":false,"dataSets":{"https://m365x107527.sharepoint.com/sites/VirtualRounding":{"dataSources":{"Virtual Rounding":{"tableName":"3a7299fd-0744-4760-bdac-7082377d64a7"}}}},"apiTier":"Standard","isCustomApiConnection":false},"681a3400-3912-45f1-9532-9e2a20eae220":{"id":"cb4aaa9f-29ba-4f02-8238-0a240680593c","displayName":"Logic flows","iconUri":"https://resourcestackdeploy.blob.core.windows.net/scripts/13276078.png","dataSources":["ResetMeetingLink"],"dependencies":["7ff7773e-da1e-47d6-baf0-29761b454f9f"],"dependents":[],"parameterHints":{"workflowName":{"value":"6dce3a75-30bb-4588-b6aa-40dd99e6b26f"},"7ff7773e-da1e-47d6-baf0-29761b454f9f":{"value":"shared_sharepointonline"}},"isOnPremiseConnection":false,"bypassConsent":false,"dataSets":{},"apiTier":"Standard","isCustomApiConnection":false},"99dd5ee5-1c2b-4418-a311-edd99c5fa99f":{"id":"cb4aaa9f-29ba-4f02-8238-0a240680593c","displayName":"Logic flows","iconUri":"https://resourcestackdeploy.blob.core.windows.net/scripts/13276078.png","dataSources":["ShareMeetingLink"],"dependencies":["7ff7773e-da1e-47d6-baf0-29761b454f9f","c5e318fe-6468-43da-b787-87ce10eaa29d"],"dependents":[],"parameterHints":{"workflowName":{"value":"79697f1a-ca9e-42c8-bd49-cd4d1a91dd31"},"7ff7773e-da1e-47d6-baf0-29761b454f9f":{"value":"shared_sharepointonline"},"c5e318fe-6468-43da-b787-87ce10eaa29d":{"value":"shared_sendmail"}},"isOnPremiseConnection":false,"bypassConsent":false,"dataSets":{},"apiTier":"Standard","isCustomApiConnection":false},"c5e318fe-6468-43da-b787-87ce10eaa29d":{"id":"7878b55b-0e3e-48ac-b77d-fe7886848a9d","displayName":"Mail","iconUri":"https://connectoricons-prod.azureedge.net/sendmail/icon_1.0.1308.1899.png","dataSources":[],"dependencies":[],"dependents":["99dd5ee5-1c2b-4418-a311-edd99c5fa99f"],"parameterHints":{},"isOnPremiseConnection":false,"bypassConsent":false,"dataSets":{},"apiTier":"Standard","isCustomApiConnection":false}},"databaseReferences":{},"almMode":"Environment","performanceOptimizationEnabled":false,"canConsumeAppPass":true},"isAppComponentLibrary":false,"appType":"ClassicCanvasApp","appComponents":[]}}