{"schemaVersion":"1.0","appDefinitionTemplate":{"id":"/providers/Microsoft.PowerApps/apps/","type":"Microsoft.PowerApps/apps","tags":{"primaryDeviceWidth":"1366","primaryDeviceHeight":"768","sienaVersion":"20200422T051539Z-3.20023.8.0","deviceCapabilities":"","supportsPortrait":"false","supportsLandscape":"true","primaryFormFactor":"Tablet","publisherVersion":"3.20023.8","minimumRequiredApiVersion":"2.2.0","hasComponent":"false","hasUnlockedComponent":"false"},"properties":{"appVersion":"2020-04-22T05:15:39Z","lifeCycleId":"Published","createdByClientVersion":{"major":3,"minor":20023,"build":8,"revision":0,"majorRevision":0,"minorRevision":0},"minClientVersion":{"major":3,"minor":20023,"build":8,"revision":0,"majorRevision":0,"minorRevision":0},"backgroundColor":"rgba(1, 60, 96, 1)","backgroundImageUri":"/17481855791939979647/N68235a6d-cb56-47cc-a39b-0f68efb8fa20-logoSmallFile","displayName":"Patient Join","description":"","commitMessage":"","appUris":{"documentUri":{"value":"/17481855791939979647/Nba62a33d-8f5f-47b8-b419-9d9607992883-document.msapp","readonlyValue":"/17481855791939979647/Nba62a33d-8f5f-47b8-b419-9d9607992883-document.msapp"},"imageUris":[]},"createdTime":"0001-01-01T00:00:00Z","lastModifiedTime":"0001-01-01T00:00:00Z","sharedGroupsCount":0,"sharedUsersCount":0,"icons":{"smallIconUri":"/17481855791939979647/N07b25df1-4016-49af-9d2a-0c6134d0edd5-small.png","mediumIconUri":"/17481855791939979647/N0f940e1f-8fe2-4ff8-90b6-19a811ebfa2a-medium.png","largeIconUri":"/17481855791939979647/N44162f64-98a2-403d-a336-94470f3ccac8-large.png","wideIconUri":"/17481855791939979647/N2be2ddb7-860e-409b-ae90-1769321380a1-wide.png"},"connectionReferences":{"466f8a79-2953-41f2-b0c6-ed3a29422e5e":{"id":"cab3ca05-23a3-4ebf-a404-9548a5dea852","displayName":"SharePoint","iconUri":"https://connectoricons-prod.azureedge.net/sharepointonline/icon_1.0.1329.1953.png","dataSources":["Virtual Rounding"],"dependencies":[],"dependents":["a651ef7e-c49b-4917-8f2e-92f5d657292c"],"parameterHints":{},"isOnPremiseConnection":false,"bypassConsent":false,"dataSets":{"https://m365x107527.sharepoint.com/sites/VirtualRounding":{"dataSources":{"Virtual Rounding":{"tableName":"3a7299fd-0744-4760-bdac-7082377d64a7"}}}},"apiTier":"Standard","isCustomApiConnection":false},"a651ef7e-c49b-4917-8f2e-92f5d657292c":{"id":"cb4aaa9f-29ba-4f02-8238-0a240680593c","displayName":"Logic flows","iconUri":"https://resourcestackdeploy.blob.core.windows.net/scripts/13276078.png","dataSources":["ShareMeetingLink"],"dependencies":["466f8a79-2953-41f2-b0c6-ed3a29422e5e","22dbd45e-e638-4d85-bcef-8e8620a3f87a"],"dependents":[],"parameterHints":{"workflowName":{"value":"02f555df-b7cd-405c-9f24-62d9c4c82739"},"466f8a79-2953-41f2-b0c6-ed3a29422e5e":{"value":"shared_sharepointonline"},"22dbd45e-e638-4d85-bcef-8e8620a3f87a":{"value":"shared_sendmail"}},"isOnPremiseConnection":false,"bypassConsent":false,"dataSets":{},"apiTier":"Standard","isCustomApiConnection":false},"22dbd45e-e638-4d85-bcef-8e8620a3f87a":{"id":"7878b55b-0e3e-48ac-b77d-fe7886848a9d","displayName":"Mail","iconUri":"https://connectoricons-prod.azureedge.net/sendmail/icon_1.0.1308.1899.png","dataSources":[],"dependencies":[],"dependents":["a651ef7e-c49b-4917-8f2e-92f5d657292c"],"parameterHints":{},"isOnPremiseConnection":false,"bypassConsent":false,"dataSets":{},"apiTier":"Standard","isCustomApiConnection":false}},"databaseReferences":{},"almMode":"Environment","performanceOptimizationEnabled":false,"canConsumeAppPass":true},"isAppComponentLibrary":false,"appType":"ClassicCanvasApp","appComponents":[]}}